City_ID,City,Country,Date,Lat,Lng,Max Temp,Humidity,Cloudiness,Wind Speed
0,Aklavik,CA,2021-11-20 19:49:28,68.2191,-135.0107,4.03,85,75,4.61
1,Libreville,GA,2021-11-20 19:49:29,0.3925,9.4537,75.22,94,20,4.61
2,Mecca,SA,2021-11-20 19:49:30,21.4267,39.8261,74.73,54,40,5.48
3,Pascagoula,US,2021-11-20 19:49:30,30.3658,-88.5561,74.05,66,1,8.05
4,Cape Town,ZA,2021-11-20 19:46:31,-33.9258,18.4232,68.11,60,20,13.8
5,Nanortalik,GL,2021-11-20 19:48:29,60.1432,-45.2371,37.81,99,100,8.25
6,Ushuaia,AR,2021-11-20 19:49:32,-54.8,-68.3,38.86,70,75,36.82
7,Hovd,MN,2021-11-20 19:49:32,48.0056,91.6419,6.58,38,0,1.43
8,Puerto Escondido,MX,2021-11-20 19:49:33,15.85,-97.0667,86.32,58,0,5.91
9,Albany,US,2021-11-20 19:44:50,42.6001,-73.9662,45.09,55,100,1.99
10,Bandarbeyla,SO,2021-11-20 19:49:33,9.4942,50.8122,76.91,72,9,7.81
11,Barrow,US,2021-11-20 19:48:31,71.2906,-156.7887,-0.38,78,20,6.91
12,Olafsvik,IS,2021-11-20 19:49:13,64.8945,-23.7142,35.2,65,100,6.55
13,Matagami,CA,2021-11-20 19:49:35,49.7502,-77.6328,33.91,86,90,11.5
14,Kastamonu,TR,2021-11-20 19:49:35,41.5,33.6667,39.51,81,100,3.18
15,Rikitea,PF,2021-11-20 19:49:36,-23.1203,-134.9692,73.38,63,97,7.2
16,Dikson,RU,2021-11-20 19:49:36,73.5069,80.5464,-8.81,87,65,15.9
17,Bensonville,LR,2021-11-20 19:49:37,6.4461,-10.6125,78.35,84,49,3.94
18,Longyearbyen,SJ,2021-11-20 19:49:37,78.2186,15.6401,8.44,78,40,5.75
19,Busselton,AU,2021-11-20 19:49:38,-33.65,115.3333,59.04,68,88,8.68
20,Qasigiannguit,GL,2021-11-20 19:49:38,68.8193,-51.1922,23.25,95,100,10.22
21,Bluff,NZ,2021-11-20 19:46:33,-46.6,168.3333,53.78,89,100,6.08
22,Ulladulla,AU,2021-11-20 19:49:39,-35.35,150.4667,57.78,92,100,8.66
23,Khatanga,RU,2021-11-20 19:49:40,71.9667,102.5,-23.08,100,100,5.79
24,Xuanzhou,CN,2021-11-20 19:49:40,30.9525,118.7553,59.29,92,100,5.06
25,Aykhal,RU,2021-11-20 19:49:41,66.0,111.5,-20.02,100,75,4.85
26,East London,ZA,2021-11-20 19:49:42,-33.0153,27.9116,64.18,78,100,12.41
27,Atuona,PF,2021-11-20 19:49:42,-9.8,-139.0333,79.27,71,2,14.56
28,Puerto Ayora,EC,2021-11-20 19:49:42,-0.7393,-90.3518,78.76,73,38,10.78
29,Saldanha,ZA,2021-11-20 19:49:43,-33.0117,17.9442,68.05,76,100,17.36
30,Marawi,PH,2021-11-20 19:49:43,7.9986,124.2928,66.65,93,98,2.93
31,Sorong,ID,2021-11-20 19:49:44,-0.8833,131.25,79.7,83,100,3.78
32,Georgetown,MY,2021-11-20 19:45:42,5.4112,100.3354,80.53,89,20,1.99
33,Comodoro Rivadavia,AR,2021-11-20 19:49:45,-45.8667,-67.5,78.66,25,40,32.21
34,Provideniya,RU,2021-11-20 19:49:45,64.3833,-173.3,7.61,65,7,4.83
35,Wewak,PG,2021-11-20 19:49:46,-3.5534,143.6268,77.67,84,81,3.36
36,Koungou,YT,2021-11-20 19:49:46,-12.7336,45.2042,78.51,78,0,3.44
37,Bilma,NE,2021-11-20 19:49:46,18.6853,12.9164,81.05,19,14,5.19
38,Mataura,NZ,2021-11-20 19:48:30,-46.1927,168.8643,54.48,93,100,4.23
39,Coquimbo,CL,2021-11-20 19:49:47,-29.9533,-71.3436,62.33,72,40,12.66
40,Asilah,MA,2021-11-20 19:49:48,35.465,-6.0348,58.96,78,95,8.61
41,Itigi,TZ,2021-11-20 19:49:48,-5.7,34.4833,77.0,28,98,9.91
42,Vaini,TO,2021-11-20 19:49:49,-21.2,-175.2,80.76,89,20,4.61
43,Sokolo,ML,2021-11-20 19:49:49,14.7328,-6.1219,87.4,14,77,9.93
44,Bambous Virieux,MU,2021-11-20 19:49:50,-20.3428,57.7575,76.21,73,75,9.22
45,Santa Rosa,PH,2021-11-20 19:48:41,14.3122,121.1114,79.11,93,93,6.51
46,Ostrovnoy,RU,2021-11-20 19:48:33,68.0531,39.5131,31.3,85,100,6.33
47,Saskylakh,RU,2021-11-20 19:49:51,71.9167,114.0833,-26.16,100,91,4.81
48,Verkhnyaya Balkariya,RU,2021-11-20 19:49:51,43.1279,43.4573,29.32,74,100,13.82
49,Ilulissat,GL,2021-11-20 19:49:51,69.2167,-51.1,23.02,74,75,5.75
50,Pokhara,NP,2021-11-20 19:49:52,28.2333,83.9833,60.3,54,3,5.12
51,Port Elizabeth,ZA,2021-11-20 19:49:52,-33.918,25.5701,64.69,72,75,13.8
52,Ribeira Grande,PT,2021-11-20 19:49:53,38.5167,-28.7,66.6,77,75,26.46
53,Qaanaaq,GL,2021-11-20 19:49:53,77.484,-69.3632,-6.07,69,0,6.76
54,Luganville,VU,2021-11-20 19:49:54,-15.5333,167.1667,77.56,82,100,2.57
55,Bertoua,CM,2021-11-20 19:49:54,4.5833,13.6833,71.92,77,44,1.34
56,Nara,JP,2021-11-20 19:48:46,34.6851,135.8049,54.97,72,0,3.22
57,Salalah,OM,2021-11-20 19:49:55,17.0151,54.0924,77.09,78,0,3.44
58,Waipawa,NZ,2021-11-20 19:48:51,-41.4122,175.5153,58.46,58,99,8.88
59,Ballina,AU,2021-11-20 19:49:56,-28.8667,153.5667,68.77,96,90,4.61
60,Punta Arenas,CL,2021-11-20 19:49:20,-53.15,-70.9167,46.51,46,40,42.57
61,Santa Isabel,BR,2021-11-20 19:45:25,-23.3156,-46.2214,67.71,96,100,6.96
62,Chuy,UY,2021-11-20 19:49:57,-33.6971,-53.4616,74.03,56,0,9.89
63,Clyde River,CA,2021-11-20 19:49:57,70.4692,-68.5914,5.23,92,20,18.41
64,Mahebourg,MU,2021-11-20 19:49:58,-20.4081,57.7,76.24,73,75,9.22
65,Fortuna,US,2021-11-20 19:49:58,40.5982,-124.1573,60.33,69,1,1.99
66,Hasaki,JP,2021-11-20 19:49:59,35.7333,140.8333,46.8,59,17,4.83
67,Yellowknife,CA,2021-11-20 19:48:33,62.456,-114.3525,0.41,87,20,12.66
68,Vila Velha,BR,2021-11-20 19:49:59,-20.3297,-40.2925,73.35,96,90,15.99
69,Upernavik,GL,2021-11-20 19:46:32,72.7868,-56.1549,3.56,82,88,9.17
70,Hermanus,ZA,2021-11-20 19:50:00,-34.4187,19.2345,67.89,74,100,19.95
71,Tuktoyaktuk,CA,2021-11-20 19:50:01,69.4541,-133.0374,-9.4,84,75,8.05
72,Lebu,CL,2021-11-20 19:46:00,-37.6167,-73.65,58.59,77,3,16.55
73,Beira,MZ,2021-11-20 19:50:01,-19.8436,34.8389,80.69,83,40,11.99
74,Mount Isa,AU,2021-11-20 19:50:02,-20.7333,139.5,80.37,57,6,5.75
75,Cidreira,BR,2021-11-20 19:48:19,-30.1811,-50.2056,69.22,61,0,12.66
76,Saint-Philippe,RE,2021-11-20 19:48:37,-21.3585,55.7679,74.75,75,20,8.12
77,Panguna,PG,2021-11-20 19:50:03,-6.3164,155.4848,69.4,90,99,1.28
78,Jamestown,US,2021-11-20 19:45:52,42.097,-79.2353,44.02,46,1,5.99
79,La Antigua,CO,2021-11-20 19:50:04,6.7153,-76.079,64.58,91,90,2.73
80,Norman Wells,CA,2021-11-20 19:50:04,65.282,-126.8329,-2.16,78,40,3.44
81,West Bay,KY,2021-11-20 19:50:05,19.3667,-81.4167,86.07,75,20,4.0
82,San Vicente,AR,2021-11-20 19:50:05,-26.6167,-54.1333,85.48,30,12,3.24
83,Karratha,AU,2021-11-20 19:50:06,-20.7377,116.8463,79.21,54,98,7.29
84,Labelle,US,2021-11-20 19:45:37,26.7617,-81.4384,79.05,68,100,16.46
85,Porlamar,VE,2021-11-20 19:50:07,10.958,-63.8491,86.09,66,100,17.27
86,Tasiilaq,GL,2021-11-20 19:50:07,65.6145,-37.6368,26.31,96,100,15.66
87,Mayo,US,2021-11-20 19:50:07,38.8876,-76.5119,50.36,54,1,8.01
88,Tyulyachi,RU,2021-11-20 19:50:08,55.8913,50.2399,32.2,97,100,17.58
89,Kaitangata,NZ,2021-11-20 19:50:09,-46.2817,169.8464,54.86,90,100,0.74
90,Arraial Do Cabo,BR,2021-11-20 19:47:47,-22.9661,-42.0278,73.36,78,75,14.97
91,Kosh-Agach,RU,2021-11-20 19:50:10,50.0,88.6667,-2.24,54,24,2.95
92,Gat,IL,2021-11-20 19:46:04,31.61,34.7642,60.4,72,99,1.88
93,Souillac,MU,2021-11-20 19:50:10,-20.5167,57.5167,76.35,73,75,9.22
94,Moen,NO,2021-11-20 19:50:11,69.1304,18.6123,29.12,93,75,4.61
95,Kapaa,US,2021-11-20 19:50:11,22.0752,-159.319,80.92,77,40,3.0
96,Leningradskiy,RU,2021-11-20 19:49:10,69.3833,178.4167,-8.95,85,17,3.53
97,Rio Gallegos,AR,2021-11-20 19:46:04,-51.6226,-69.2181,57.25,21,75,39.12
98,Hithadhoo,MV,2021-11-20 19:50:12,-0.6,73.0833,80.82,81,100,17.22
99,Margate,GB,2021-11-20 19:50:13,51.3813,1.3862,50.7,81,100,1.01
100,Turukhansk,RU,2021-11-20 19:50:13,65.8167,87.9833,-11.43,83,76,17.25
101,Hobart,AU,2021-11-20 19:50:14,-42.8794,147.3294,53.11,92,20,8.05
102,Anloga,GH,2021-11-20 19:50:14,5.7947,0.8973,84.42,78,15,12.15
103,Ponta Do Sol,PT,2021-11-20 19:50:15,32.6667,-17.1,65.71,71,100,4.0
104,Puerto Baquerizo Moreno,EC,2021-11-20 19:50:16,-0.9,-89.6,72.59,78,75,12.66
105,Constitucion,CL,2021-11-20 19:50:16,-35.3333,-72.4167,64.6,68,18,9.64
106,Presidencia Roque Saenz Pena,AR,2021-11-20 19:50:16,-26.7852,-60.4388,86.81,28,0,7.16
107,Butaritari,KI,2021-11-20 19:50:17,3.0707,172.7902,81.95,66,78,17.65
108,Kahului,US,2021-11-20 19:46:01,20.8947,-156.47,82.98,72,20,0.0
109,Tecoanapa,MX,2021-11-20 19:50:18,16.5167,-98.75,84.04,64,0,8.9
110,Tiksi,RU,2021-11-20 19:50:18,71.6872,128.8694,-13.81,97,97,6.62
111,Noyabrsk,RU,2021-11-20 19:50:19,63.1994,75.4507,12.06,94,100,15.03
112,Cadereyta,MX,2021-11-20 19:50:19,25.5833,-99.9833,86.38,48,0,8.84
113,Castro,BR,2021-11-20 19:48:37,-24.7911,-50.0119,68.85,71,96,5.28
114,Cap Malheureux,MU,2021-11-20 19:50:20,-19.9842,57.6142,76.46,68,0,5.01
115,Kempele,FI,2021-11-20 19:50:20,64.9131,25.5034,30.96,100,75,4.61
116,Jalu,LY,2021-11-20 19:50:21,29.0331,21.5482,64.69,51,22,11.72
117,Sabha,LY,2021-11-20 19:50:21,27.0377,14.4283,67.12,49,95,15.79
118,Lincoln,US,2021-11-20 19:50:22,40.8,-96.667,59.07,48,1,4.0
119,Thompson,CA,2021-11-20 19:50:23,55.7435,-97.8558,19.56,79,90,18.41
120,Lancaster,US,2021-11-20 19:45:47,40.2504,-76.2499,46.22,55,1,1.99
121,Geraldton,AU,2021-11-20 19:47:31,-28.7667,114.6,60.13,82,0,6.91
122,Avarua,CK,2021-11-20 19:50:24,-21.2078,-159.775,78.85,69,20,12.66
123,Hilo,US,2021-11-20 19:50:22,19.7297,-155.09,81.25,74,20,4.61
124,Sakakah,SA,2021-11-20 19:50:25,29.9697,40.2064,63.97,34,95,7.67
125,Black River,JM,2021-11-20 19:50:25,18.0264,-77.8487,84.97,56,100,3.4
126,Acapulco,MX,2021-11-20 19:49:27,16.8634,-99.8901,85.55,60,0,5.91
127,Port Alfred,ZA,2021-11-20 19:50:26,-33.5906,26.891,64.35,73,100,16.11
128,Nuuk,GL,2021-11-20 19:50:27,64.1835,-51.7216,31.87,95,100,28.01
129,Middelburg,ZA,2021-11-20 19:50:27,-25.7751,29.4648,60.51,85,96,11.92
130,San Patricio,US,2021-11-20 19:50:28,28.017,-97.5169,82.38,61,88,12.12
131,Cockburn Town,TC,2021-11-20 19:50:29,21.4612,-71.1419,80.56,74,75,11.5
132,Lompoc,US,2021-11-20 19:48:34,34.6391,-120.4579,74.08,59,1,5.75
133,Kerema,PG,2021-11-20 19:50:29,-7.9631,145.7785,78.03,88,78,4.61
134,Dicabisagan,PH,2021-11-20 19:50:30,17.0818,122.4157,76.8,89,100,6.24
135,Villanueva De La Serena,ES,2021-11-20 19:50:30,38.9766,-5.7974,54.82,83,100,5.14
136,Forestville,US,2021-11-20 19:49:51,38.8451,-76.875,49.41,48,20,9.22
137,Yeppoon,AU,2021-11-20 19:50:31,-23.1333,150.7333,65.98,70,100,6.42
138,Hohhot,CN,2021-11-20 19:50:32,40.8106,111.6522,26.89,36,2,13.42
139,Pierre,US,2021-11-20 19:50:26,44.3683,-100.351,46.85,41,40,1.01
140,Roald,NO,2021-11-20 19:50:32,62.5833,6.1333,41.16,75,40,8.05
141,Antofagasta,CL,2021-11-20 19:50:33,-23.65,-70.4,63.68,64,100,7.49
142,Moose Factory,CA,2021-11-20 19:50:33,51.2585,-80.6094,33.8,93,90,10.36
143,Kaduna,NG,2021-11-20 19:50:34,10.5222,7.4383,77.0,22,3,5.95
144,Tambopata,PE,2021-11-20 19:50:34,-12.7333,-69.1833,78.98,68,97,2.28
145,Te Anau,NZ,2021-11-20 19:50:35,-45.4167,167.7167,50.38,90,100,0.16
146,Hefei,CN,2021-11-20 19:50:35,31.8639,117.2808,57.22,94,90,4.47
147,Xining,CN,2021-11-20 19:50:36,36.6167,101.7667,20.7,62,6,2.66
148,Victoria,HK,2021-11-20 19:47:16,22.2855,114.1577,74.32,88,88,7.0
149,Webuye,KE,2021-11-20 19:50:37,0.6075,34.7697,63.88,73,98,3.22
150,Shingu,JP,2021-11-20 19:50:37,33.7333,135.9833,56.1,78,27,6.02
151,Iquitos,PE,2021-11-20 19:50:38,-3.7481,-73.2472,87.84,66,40,4.61
152,Yumen,CN,2021-11-20 19:50:39,40.2833,97.2,17.44,58,0,7.16
153,Luderitz,NA,2021-11-20 19:50:39,-26.6481,15.1594,60.17,89,2,19.1
154,Havelock,US,2021-11-20 19:46:19,34.8791,-76.9013,62.06,66,100,7.0
155,Bredasdorp,ZA,2021-11-20 19:50:40,-34.5322,20.0403,62.28,76,100,16.96
156,Port Lincoln,AU,2021-11-20 19:50:40,-34.7333,135.8667,53.76,73,11,12.68
157,Airai,TL,2021-11-20 19:50:41,-8.9266,125.4092,61.99,88,27,1.77
158,Padang,ID,2021-11-20 19:50:42,-0.9492,100.3543,75.25,84,97,3.09
159,Abbeville,FR,2021-11-20 19:50:43,50.1,1.8333,47.5,92,5,2.28
160,Ixtapa,MX,2021-11-20 19:50:43,20.7,-105.2,83.23,66,1,5.01
161,Riesa,DE,2021-11-20 19:50:44,51.3,13.3,49.75,82,25,10.42
162,Tilichiki,RU,2021-11-20 19:50:45,60.4667,166.1,0.32,96,59,10.58
163,Faya,SA,2021-11-20 19:50:45,18.3851,42.4509,57.31,71,0,3.98
164,Khani,GE,2021-11-20 19:50:35,41.9563,42.9566,40.57,97,100,3.06
165,Iranshahr,IR,2021-11-20 19:50:46,27.2025,60.6848,57.54,19,0,0.0
166,Cherskiy,RU,2021-11-20 19:50:46,68.75,161.3,-19.26,93,76,1.32
167,Paita,PE,2021-11-20 19:50:47,-5.0892,-81.1144,75.76,73,73,16.75
168,Seydi,TM,2021-11-20 19:50:47,39.4816,62.9137,44.04,59,100,7.94
169,Naze,JP,2021-11-20 19:50:48,28.3667,129.4833,68.47,72,100,12.19
170,Orocue,CO,2021-11-20 19:50:49,4.7912,-71.3354,88.2,52,100,7.25
171,Pelym,RU,2021-11-20 19:50:49,61.0108,61.9978,25.86,91,100,7.38
172,Hamilton,US,2021-11-20 19:50:05,39.1834,-84.5333,53.73,50,40,1.01
173,Pevek,RU,2021-11-20 19:50:50,69.7008,170.3133,-11.09,98,60,3.58
174,Vila,PT,2021-11-20 19:49:48,42.0304,-8.1588,49.93,78,40,3.22
175,Saint Anthony,US,2021-11-20 19:48:54,45.0205,-93.218,45.14,50,1,1.99
176,Upata,VE,2021-11-20 19:50:51,8.0086,-62.3989,80.29,65,99,5.48
177,Hofn,IS,2021-11-20 19:50:52,64.2539,-15.2082,32.67,54,84,13.35
178,Maragogi,BR,2021-11-20 19:50:52,-9.0122,-35.2225,80.53,73,16,11.14
179,Cabo San Lucas,MX,2021-11-20 19:50:53,22.8909,-109.9124,85.51,51,5,7.0
180,Elko,US,2021-11-20 19:50:53,41.0002,-115.5012,44.74,58,12,1.01
181,Nikolskoye,RU,2021-11-20 19:48:57,59.7035,30.7861,35.87,81,16,9.71
182,Uporovo,RU,2021-11-20 19:50:54,56.3109,66.2693,22.33,80,100,16.89
183,Sao Filipe,CV,2021-11-20 19:50:55,14.8961,-24.4956,78.3,79,100,6.11
184,Zhigansk,RU,2021-11-20 19:50:55,66.7697,123.3711,-24.88,99,99,5.61
185,Chiman,PK,2021-11-20 19:50:56,32.5463,73.8138,59.14,30,0,5.06
186,Oranjemund,NA,2021-11-20 19:50:18,-28.55,16.4333,60.12,95,15,9.35
187,Kodiak,US,2021-11-20 19:50:57,57.79,-152.4072,36.91,60,90,32.21
188,Bay Roberts,CA,2021-11-20 19:50:57,47.5999,-53.2648,41.04,76,8,1.01
189,Tiznit,MA,2021-11-20 19:49:38,29.5833,-9.5,60.89,71,0,2.06
190,Road Town,VG,2021-11-20 19:50:58,18.4167,-64.6167,86.04,70,40,10.36
191,Inongo,CD,2021-11-20 19:50:58,-1.95,18.2667,72.93,89,83,2.73
192,Meulaboh,ID,2021-11-20 19:50:59,4.1363,96.1285,76.95,87,90,3.87
193,Dori,BF,2021-11-20 19:50:59,14.0354,-0.0345,85.78,11,5,9.64
194,Matveyevka,RU,2021-11-20 19:51:00,52.15,56.1833,25.75,96,100,19.55
195,Kardzhin,RU,2021-11-20 19:51:00,43.2737,44.2907,37.85,87,85,3.38
196,New Norfolk,AU,2021-11-20 19:51:01,-42.7826,147.0587,53.74,86,12,2.19
197,Pak Phanang,TH,2021-11-20 19:51:01,8.3511,100.202,79.57,84,98,2.26
198,Chokurdakh,RU,2021-11-20 19:51:02,70.6333,147.9167,-11.42,100,97,4.72
199,Dubbo,AU,2021-11-20 19:50:32,-32.25,148.6167,60.93,100,100,5.75
200,Arona,ES,2021-11-20 19:51:02,28.0996,-16.681,62.82,72,40,4.61
201,Oktyabrskoye,RU,2021-11-20 19:51:03,43.0645,44.7417,33.94,93,69,2.24
202,Pizarro,CO,2021-11-20 19:51:03,4.9533,-77.366,78.87,83,81,6.31
203,Iqaluit,CA,2021-11-20 19:46:42,63.7506,-68.5145,11.93,78,90,15.99
204,Gilbues,BR,2021-11-20 19:51:04,-9.8317,-45.3439,91.54,39,36,1.74
205,Lavrentiya,RU,2021-11-20 19:51:05,65.5833,-171.0,-0.9,79,2,5.84
206,San Quintin,MX,2021-11-20 19:51:05,30.4833,-115.95,65.7,70,100,10.13
207,Fethiye,TR,2021-11-20 19:51:05,36.6217,29.1164,58.87,54,0,6.4
208,Polunochnoye,RU,2021-11-20 19:51:06,60.8697,60.4153,15.89,99,100,3.58
209,Two Hills,CA,2021-11-20 19:51:06,53.7169,-111.7518,16.68,100,100,20.71
210,Salina Cruz,MX,2021-11-20 19:51:07,16.1667,-95.2,88.77,46,11,26.13
211,The Valley,AI,2021-11-20 19:47:01,18.217,-63.0578,82.26,74,75,8.05
212,Indianola,US,2021-11-20 19:47:42,41.3581,-93.5574,55.99,39,100,2.93
213,Broken Hill,AU,2021-11-20 19:49:45,-31.95,141.4333,53.31,94,90,17.27
214,Mabaruma,GY,2021-11-20 19:51:08,8.2,-59.7833,81.03,80,89,5.21
215,Straumen,NO,2021-11-20 19:51:09,63.8709,11.2999,42.94,93,100,9.73
216,Yulara,AU,2021-11-20 19:51:09,-25.2406,130.9889,64.24,77,40,13.8
217,Terrace,CA,2021-11-20 19:51:10,54.5163,-128.6035,42.71,93,90,19.57
218,Lorengau,PG,2021-11-20 19:51:10,-2.0226,147.2712,81.14,71,75,3.67
219,Pisco,PE,2021-11-20 19:51:11,-13.7,-76.2167,71.65,73,20,6.91
220,Tuatapere,NZ,2021-11-20 19:46:43,-46.1333,167.6833,52.74,91,100,2.53
221,Dwarka,IN,2021-11-20 19:51:12,22.2394,68.9678,79.0,73,11,11.83
222,Copalillo,MX,2021-11-20 19:51:12,18.0333,-99.1167,85.91,33,0,1.43
223,Esperance,AU,2021-11-20 19:48:53,-33.8667,121.9,55.24,79,0,16.11
224,Vengerovo,RU,2021-11-20 19:51:13,55.6848,76.7471,17.22,85,100,13.02
225,Buala,SB,2021-11-20 19:51:13,-8.145,159.5921,79.61,78,100,1.16
226,Severo-Kurilsk,RU,2021-11-20 19:51:14,50.6789,156.125,36.25,94,100,7.92
227,Sitka,US,2021-11-20 19:51:14,57.0531,-135.33,33.69,80,90,19.57
228,Raga,SS,2021-11-20 19:51:15,8.4596,25.678,79.48,25,6,4.47
229,Pervomayskoye,RU,2021-11-20 19:51:15,43.919,46.7102,43.95,75,34,6.46
230,Mbandaka,CD,2021-11-20 19:51:16,0.0487,18.2603,75.16,81,79,3.38
231,Mering,DE,2021-11-20 19:51:16,48.2656,10.9846,41.32,93,90,3.44
232,Maraa,BR,2021-11-20 19:51:17,-1.8333,-65.3667,79.93,87,91,2.01
233,Maridi,SS,2021-11-20 19:51:17,4.9158,29.4742,73.17,69,61,0.2
234,Gemena,CD,2021-11-20 19:51:17,3.25,19.7667,73.2,75,62,1.45
235,Kosino,RU,2021-11-20 19:51:18,58.4127,51.2782,28.87,97,100,10.11
236,Shache,CN,2021-11-20 19:51:18,38.4167,77.2406,30.65,42,0,4.05
237,Alofi,NU,2021-11-20 19:51:19,-19.0595,-169.9187,80.49,78,6,9.22
238,Bathsheba,BB,2021-11-20 19:51:19,13.2167,-59.5167,86.61,62,20,16.11
239,Kavieng,PG,2021-11-20 19:51:20,-2.5744,150.7967,81.59,76,23,6.98
240,Trinidad,BO,2021-11-20 19:51:20,-14.8333,-64.9,87.78,58,20,5.75
241,Chapais,CA,2021-11-20 19:47:45,49.7834,-74.8492,28.18,75,100,11.3
242,Isangel,VU,2021-11-20 19:49:43,-19.55,169.2667,75.31,83,75,0.0
243,Torbay,CA,2021-11-20 19:51:21,47.6666,-52.7314,40.28,81,20,13.8
244,General Roca,AR,2021-11-20 19:51:22,-39.0333,-67.5833,94.62,8,4,20.69
245,Faanui,PF,2021-11-20 19:48:55,-16.4833,-151.75,80.94,74,97,18.68
246,Narsaq,GL,2021-11-20 19:51:23,60.9167,-46.05,34.74,100,100,3.49
247,Alyangula,AU,2021-11-20 19:51:23,-13.8483,136.4192,75.07,94,96,4.61
248,Cihuatlan,MX,2021-11-20 19:51:24,19.2366,-104.5651,91.02,36,14,6.17
249,Talnakh,RU,2021-11-20 19:51:25,69.4865,88.3972,-18.96,92,24,9.31
250,Lewiston,US,2021-11-20 19:51:25,44.1003,-70.2148,44.46,45,1,3.44
251,Atar,MR,2021-11-20 19:51:26,20.5169,-13.0499,85.48,21,100,4.36
252,Kawalu,ID,2021-11-20 19:50:22,-7.3817,108.2082,73.02,95,98,1.16
253,Jizan,SA,2021-11-20 19:51:26,17.3333,42.6667,81.54,61,0,2.91
254,Magadan,RU,2021-11-20 19:51:27,59.5667,150.8,21.06,71,100,13.87
255,Westport,US,2021-11-20 19:51:27,41.1415,-73.3579,47.75,37,1,1.01
256,Kokoda,PG,2021-11-20 19:51:28,-8.8785,147.7407,73.22,91,100,1.99
257,Churapcha,RU,2021-11-20 19:51:28,62.0025,132.4325,-31.9,100,80,1.86
258,Srednekolymsk,RU,2021-11-20 19:51:29,67.45,153.6833,-21.32,100,56,4.05
259,Ponta Delgada,PT,2021-11-20 19:51:29,37.7333,-25.6667,67.5,68,20,17.27
260,Axim,GH,2021-11-20 19:51:30,4.8699,-2.2405,80.49,85,16,7.0
261,Nalut,LY,2021-11-20 19:51:30,30.3333,10.85,62.02,53,68,11.05
262,Lodja,CD,2021-11-20 19:51:31,-3.4833,23.4333,69.39,99,97,2.13
263,Maceio,BR,2021-11-20 19:51:31,-9.6658,-35.7353,83.64,65,75,13.8
264,Pravia,ES,2021-11-20 19:51:32,43.4906,-6.1508,52.48,81,0,5.75
265,Tateyama,JP,2021-11-20 19:51:32,34.9833,139.8667,55.09,73,2,6.71
266,Gisborne,NZ,2021-11-20 19:51:33,-38.6533,178.0042,68.95,54,4,7.07
267,Mar Del Plata,AR,2021-11-20 19:48:15,-38.0023,-57.5575,86.02,75,0,15.01
268,Pilar,BR,2021-11-20 19:50:38,-9.5972,-35.9567,82.33,66,38,11.72
269,Guerrero Negro,MX,2021-11-20 19:51:34,27.9769,-114.0611,69.87,61,100,10.42
270,Kaeo,NZ,2021-11-20 19:51:34,-35.1,173.7833,66.33,94,82,6.98
271,Klaksvik,FO,2021-11-20 19:51:34,62.2266,-6.589,38.32,77,100,29.28
272,Kamogawa,JP,2021-11-20 19:51:35,35.1,140.1,55.13,79,0,5.32
273,Vrises,GR,2021-11-20 19:51:35,35.492,23.8899,57.96,78,98,10.25
274,Panzhihua,CN,2021-11-20 19:51:36,26.5851,101.7128,53.02,78,1,1.59
275,Zaysan,KZ,2021-11-20 19:51:36,47.4667,84.8667,10.17,84,20,2.8
276,Port Augusta,AU,2021-11-20 19:51:37,-32.5,137.7667,55.54,77,0,15.08
277,Springbok,ZA,2021-11-20 19:51:37,-29.6643,17.8865,61.72,41,10,4.83
278,Farafangana,MG,2021-11-20 19:51:38,-22.8167,47.8333,75.47,83,23,9.55
279,Ondjiva,AO,2021-11-20 19:51:38,-17.0667,15.7333,75.83,56,78,12.08
280,Okahandja,NA,2021-11-20 19:51:39,-21.9833,16.9167,77.31,21,0,10.29
281,Anqiu,CN,2021-11-20 19:51:39,36.4342,119.1925,51.93,91,91,3.22
282,Belebey,RU,2021-11-20 19:51:40,54.1167,54.1167,28.8,95,100,21.81
283,Ouahigouya,BF,2021-11-20 19:51:40,13.5828,-2.4216,84.87,13,2,10.11
284,Amuntai,ID,2021-11-20 19:51:41,-2.4177,115.2494,73.8,98,100,0.94
285,Sola,VU,2021-11-20 19:51:41,-13.8833,167.55,81.09,72,100,13.04
286,Washougal,US,2021-11-20 19:51:14,45.5826,-122.3534,53.02,80,75,0.0
287,Stromness,GB,2021-11-20 19:51:42,58.965,-3.296,44.56,86,100,18.01
288,Lahad Datu,MY,2021-11-20 19:51:42,5.0268,118.327,75.79,93,35,2.73
289,Gardelegen,DE,2021-11-20 19:51:43,52.5252,11.3952,51.1,82,100,12.97
290,Aksu,CN,2021-11-20 19:48:49,41.1231,80.2644,28.33,45,0,3.4
291,Pangnirtung,CA,2021-11-20 19:51:44,66.1451,-65.7125,17.6,67,75,2.3
292,Yerbogachen,RU,2021-11-20 19:51:44,61.2767,108.0108,2.53,97,100,2.8
293,Labuhan,ID,2021-11-20 19:51:45,-6.8844,112.2051,78.19,86,100,4.54
294,Asau,RO,2021-11-20 19:51:45,46.4333,26.4,44.96,61,36,6.22
295,Smolenka,RU,2021-11-20 19:51:46,52.1352,113.4974,1.47,85,40,0.0
296,Ancud,CL,2021-11-20 19:51:47,-41.8697,-73.8203,60.33,76,66,11.81
297,Belyy Yar,RU,2021-11-20 19:51:47,53.6039,91.3903,21.09,83,0,11.18
298,Kruisfontein,ZA,2021-11-20 19:51:47,-34.0033,24.7314,61.88,77,100,14.32
299,Fairlie,GB,2021-11-20 19:51:48,55.756,-4.8556,44.51,89,7,15.48
300,Brae,GB,2021-11-20 19:48:47,60.3964,-1.353,42.71,73,97,25.5
301,Nova Olinda Do Norte,BR,2021-11-20 19:51:49,-3.8881,-59.0942,87.66,63,52,1.25
302,Markova,UA,2021-11-20 19:51:49,48.6758,24.4138,37.47,86,14,6.04
303,Bengkulu,ID,2021-11-20 19:51:50,-3.8004,102.2655,75.67,90,44,4.45
304,Ahuimanu,US,2021-11-20 19:51:50,21.4447,-157.8378,82.11,67,75,8.05
305,Saint-Leu,RE,2021-11-20 19:51:51,-21.15,55.2833,74.23,87,15,4.63
306,Grand Gaube,MU,2021-11-20 19:51:52,-20.0064,57.6608,76.37,68,1,5.01
307,Goderich,CA,2021-11-20 19:49:19,43.7501,-81.7165,42.91,75,100,12.66
308,Burnie,AU,2021-11-20 19:51:52,-41.0667,145.9167,50.94,78,92,3.74
309,Vicuna,CL,2021-11-20 19:51:53,-30.0319,-70.7081,55.13,33,1,9.48
310,Codrington,AU,2021-11-20 19:51:53,-38.2667,141.9667,50.41,81,2,7.63
311,Fairbanks,US,2021-11-20 19:47:59,64.8378,-147.7164,-16.4,70,1,0.0
312,Vardo,NO,2021-11-20 19:51:54,70.3705,31.1107,31.6,69,98,29.08
313,Touros,BR,2021-11-20 19:51:54,-5.1989,-35.4608,85.1,71,99,12.75
314,Northam,GB,2021-11-20 19:51:55,51.0333,-4.2167,52.61,83,79,9.37
315,Los Lunas,US,2021-11-20 19:51:55,34.8062,-106.7334,69.15,24,22,1.01
316,Svetlogorsk,BY,2021-11-20 19:49:32,52.6333,29.7333,39.15,78,72,13.22
317,Namibe,AO,2021-11-20 19:51:56,-15.1961,12.1522,67.6,80,19,7.56
318,Kaniv,UA,2021-11-20 19:51:57,49.7518,31.46,41.61,70,34,14.7
319,Korla,CN,2021-11-20 19:51:57,41.7597,86.1469,26.82,56,0,1.03
320,Aspe,ES,2021-11-20 19:51:58,38.3451,-0.7672,59.81,79,90,1.99
321,Eenhana,NA,2021-11-20 19:51:58,-17.4667,16.3333,76.3,54,90,13.4
322,Ganzhou,CN,2021-11-20 19:51:59,28.8184,115.4327,59.95,94,100,4.65
323,Sept-Iles,CA,2021-11-20 19:49:10,50.2001,-66.3821,34.32,61,75,5.01
324,Bosanska Kostajnica,HR,2021-11-20 19:51:59,45.2159,16.5444,37.38,85,6,0.96
325,Caravelas,BR,2021-11-20 19:52:00,-17.7125,-39.2481,76.84,83,100,4.18
326,Katsuura,JP,2021-11-20 19:52:00,35.1333,140.3,55.18,75,14,6.2
327,Raudeberg,NO,2021-11-20 19:52:01,61.9875,5.1352,39.87,86,100,8.99
328,Urumqi,CN,2021-11-20 19:52:01,43.801,87.6005,9.55,85,0,2.24
329,Kapit,MY,2021-11-20 19:52:02,2.0167,112.9333,75.09,91,100,0.6
330,Ndjole,GA,2021-11-20 19:52:02,-0.1783,10.7649,74.97,96,100,3.83
331,Najran,SA,2021-11-20 19:52:03,17.4924,44.1277,74.05,59,0,6.67
332,Atbasar,KZ,2021-11-20 19:52:03,51.8,68.3333,16.2,85,100,9.89
333,Nador,MA,2021-11-20 19:52:04,35.174,-2.9287,59.25,88,0,4.61
334,Deputatskiy,RU,2021-11-20 19:52:04,69.3,139.9,-6.05,98,100,2.89
335,Carnarvon,AU,2021-11-20 19:52:05,-24.8667,113.6333,69.87,88,75,12.66
336,Pampierstad,ZA,2021-11-20 19:52:05,-27.7832,24.6877,70.45,12,8,7.67
337,Lakatoro,VU,2021-11-20 19:52:06,-16.0999,167.4164,79.27,76,100,4.0
338,Vanimo,PG,2021-11-20 19:52:06,-2.6741,141.3028,77.65,88,99,3.47
339,Jiangyou,CN,2021-11-20 19:52:07,31.7667,104.7167,54.3,76,100,1.57
340,Chulumani,BO,2021-11-20 19:52:07,-16.4096,-67.5263,73.62,65,100,4.68
341,Acajutla,SV,2021-11-20 19:52:08,13.5928,-89.8275,87.58,51,86,6.87
342,Kemijarvi,FI,2021-11-20 19:52:08,66.7131,27.4306,25.63,86,48,10.13
343,Marmaris,TR,2021-11-20 19:52:09,36.855,28.2742,60.78,52,0,7.09
344,Lagoa,PT,2021-11-20 19:49:46,39.05,-27.9833,65.16,75,100,25.52
345,Melenci,RS,2021-11-20 19:52:09,45.5139,20.3172,48.2,80,0,4.23
346,Los Llanos De Aridane,ES,2021-11-20 19:52:10,28.6585,-17.9182,64.15,79,36,1.99
347,Mount Gambier,AU,2021-11-20 19:47:38,-37.8333,140.7667,42.71,93,40,0.0
348,Necochea,AR,2021-11-20 19:48:36,-38.5473,-58.7368,86.59,26,6,8.57
349,Kununurra,AU,2021-11-20 19:47:34,-15.7667,128.7333,82.38,78,97,0.0
350,Berbera,SO,2021-11-20 19:49:51,10.4396,45.0143,80.85,61,9,1.41
351,Bria,CF,2021-11-20 19:52:12,6.5423,21.9863,74.52,46,34,2.15
352,Leiyang,CN,2021-11-20 19:52:12,26.4024,112.8591,59.05,96,100,6.69
353,Xichang,CN,2021-11-20 19:52:13,27.8964,102.2634,51.31,81,88,1.19
354,Trairi,BR,2021-11-20 19:48:25,-3.2778,-39.2689,82.94,69,100,13.96
355,Iralaya,HN,2021-11-20 19:52:14,15.0,-83.2333,82.18,66,95,11.56
356,Mackay,AU,2021-11-20 19:52:14,-21.15,149.2,67.05,88,40,4.61
357,Manga,BF,2021-11-20 19:52:15,11.6636,-1.0731,83.86,14,0,7.18
358,Casino,AU,2021-11-20 19:49:43,-28.8667,153.05,68.56,100,100,0.0
359,Miri,MY,2021-11-20 19:52:16,4.4148,114.0089,75.34,100,40,9.22
360,Puerto Del Rosario,ES,2021-11-20 19:52:16,28.5004,-13.8627,67.68,72,20,0.0
361,Hambantota,LK,2021-11-20 19:52:16,6.1241,81.1185,77.2,74,95,13.98
362,Santa Isabel Do Rio Negro,BR,2021-11-20 19:52:17,-0.4139,-65.0192,82.51,70,99,1.25
363,Wanning,CN,2021-11-20 19:52:18,18.8003,110.3967,75.63,85,67,1.16
364,Diamantino,BR,2021-11-20 19:52:18,-14.4086,-56.4461,77.63,82,97,3.2
365,Mapiripan,CO,2021-11-20 19:52:19,2.8892,-72.1256,83.3,66,95,3.53
366,Christchurch,NZ,2021-11-20 19:49:54,-43.5333,172.6333,65.03,54,85,1.01
367,Poum,NC,2021-11-20 19:49:15,-20.2333,164.0167,75.88,75,100,14.43
368,Yarmouth,US,2021-11-20 19:52:20,41.7057,-70.2286,46.65,60,1,1.99
369,Kichera,RU,2021-11-20 19:52:20,55.9375,110.0997,0.27,83,94,6.35
370,Tucumcari,US,2021-11-20 19:52:21,35.1717,-103.725,73.24,12,1,11.5
371,Maraba,BR,2021-11-20 19:52:21,-5.3686,-49.1178,80.78,89,0,4.61
372,Paamiut,GL,2021-11-20 19:52:22,61.994,-49.6678,31.59,90,99,13.18
373,Victor Harbor,AU,2021-11-20 19:52:22,-35.5667,138.6167,54.81,71,62,12.48
374,Petropavlovsk-Kamchatskiy,RU,2021-11-20 19:52:22,53.0452,158.6483,36.19,81,90,20.13
375,Beloha,MG,2021-11-20 19:52:23,-25.1667,45.05,71.82,83,54,6.87
376,Bull Savanna,JM,2021-11-20 19:52:24,17.8868,-77.5902,81.07,59,71,3.76
377,Nhamunda,BR,2021-11-20 19:52:24,-2.1861,-56.7131,82.27,84,99,3.18
378,Hibbing,US,2021-11-20 19:52:24,47.4272,-92.9377,33.44,69,1,10.36
379,Korcula,HR,2021-11-20 19:52:25,42.9622,17.1369,50.56,63,3,3.31
380,Neiafu,TO,2021-11-20 19:52:25,-18.65,-173.9833,81.28,83,40,6.91
381,Tazovskiy,RU,2021-11-20 19:52:26,67.4667,78.7,-4.34,91,99,21.25
382,Henties Bay,NA,2021-11-20 19:49:40,-22.116,14.2845,59.86,93,18,5.21
383,Baghdad,IQ,2021-11-20 19:52:27,33.3406,44.4009,64.31,59,90,3.44
384,Pinawa,CA,2021-11-20 19:52:27,50.1489,-95.8811,31.53,84,6,7.99
385,Berlevag,NO,2021-11-20 19:52:28,70.8578,29.0864,30.31,67,100,25.64
386,Eureka,US,2021-11-20 19:51:18,40.8021,-124.1637,60.58,71,0,1.99
387,Salvador,SV,2021-11-20 19:50:48,13.8333,-88.9167,80.87,56,99,2.33
388,Oda,JP,2021-11-20 19:52:29,35.1833,132.5,53.55,79,65,7.85
389,Shimoda,JP,2021-11-20 19:52:29,34.6667,138.95,53.1,78,8,8.34
390,Zlitan,LY,2021-11-20 19:52:30,32.4674,14.5687,66.29,63,66,5.84
391,Kandi,BJ,2021-11-20 19:52:30,11.1342,2.9386,82.53,17,0,3.76
392,Esterhazy,CA,2021-11-20 19:50:49,50.65,-102.0843,29.25,76,100,11.86
393,Copperas Cove,US,2021-11-20 19:52:31,31.1241,-97.9031,73.35,58,1,18.41
394,Minab,IR,2021-11-20 19:52:32,27.1467,57.0801,63.9,48,0,3.04
395,Muros,ES,2021-11-20 19:52:32,42.7762,-9.0603,60.84,88,65,4.21
396,Bergen,NO,2021-11-20 19:52:33,60.392,5.328,42.08,94,75,10.36
397,Leonidovo,RU,2021-11-20 19:52:33,49.2833,142.8667,20.7,80,7,6.02
398,Cibitoke,BI,2021-11-20 19:52:34,-2.8833,29.25,65.32,71,53,4.29
399,Barcelos,PT,2021-11-20 19:52:34,41.5388,-8.6151,59.85,73,59,4.21
400,Byron Bay,AU,2021-11-20 19:52:35,-28.65,153.6167,71.06,91,100,3.22
401,Buraydah,SA,2021-11-20 19:52:35,26.326,43.975,63.05,22,1,8.12
402,Bolshaya Martynovka,RU,2021-11-20 19:52:36,47.271,41.6679,46.47,82,100,24.7
403,Wilmington,US,2021-11-20 19:48:43,34.2257,-77.9447,62.98,57,1,4.61
404,Greenwood,US,2021-11-20 19:49:56,34.1668,-82.1165,58.96,34,1,1.99
405,Dingle,PH,2021-11-20 19:52:37,10.9995,122.6711,75.7,91,97,4.52
406,Poronaysk,RU,2021-11-20 19:52:37,49.2167,143.1167,25.05,67,0,8.03
407,Novikovo,RU,2021-11-20 19:52:38,51.1537,37.8879,37.89,69,93,19.6
408,Haines Junction,CA,2021-11-20 19:52:38,60.7522,-137.5108,-12.26,93,98,1.36
409,Qianan,CN,2021-11-20 19:52:39,44.9932,124.0581,16.54,88,100,5.23
410,Lugo,ES,2021-11-20 19:52:39,43.0,-7.5,49.35,95,49,1.25
411,Den Helder,NL,2021-11-20 19:51:23,52.9599,4.7593,51.98,83,90,13.0
412,Hualmay,PE,2021-11-20 19:52:40,-11.0964,-77.6139,70.02,72,93,11.54
413,Ugoofaaru,MV,2021-11-20 19:52:41,5.6667,73.0,81.68,70,53,17.4
414,Bethel,US,2021-11-20 19:52:41,41.3712,-73.414,46.49,46,1,1.01
415,Tebingtinggi,ID,2021-11-20 19:52:42,3.3285,99.1625,77.05,96,100,1.92
416,Weihe,CN,2021-11-20 19:52:42,32.9952,105.3247,37.87,45,100,7.58
417,Mahina,PF,2021-11-20 19:52:43,-17.5065,-149.489,82.17,69,20,6.91
418,Koulamoutou,GA,2021-11-20 19:52:43,-1.1303,12.4736,72.77,96,100,1.52
419,Paragominas,BR,2021-11-20 19:52:44,-2.9667,-47.4833,85.01,67,82,2.75
420,Sala Consilina,IT,2021-11-20 19:52:44,40.3912,15.5989,52.11,73,23,0.74
421,Vinh Yen,VN,2021-11-20 19:52:45,21.31,105.5967,75.15,94,100,3.56
422,Tonj,SS,2021-11-20 19:52:45,7.2737,28.6822,84.9,38,54,3.49
423,Eganville,CA,2021-11-20 19:52:46,45.5334,-77.0994,38.52,64,100,8.28
424,Anadyr,RU,2021-11-20 19:48:38,64.75,177.4833,-14.01,83,20,11.01
425,Shubarshi,KZ,2021-11-20 19:52:47,48.5872,57.1869,26.02,84,85,12.91
426,Lusambo,CD,2021-11-20 19:52:48,-4.9667,23.45,70.16,98,81,1.72
427,Mercedes,AR,2021-11-20 19:52:48,-34.6515,-59.4307,92.86,17,0,8.1
428,Robertsport,LR,2021-11-20 19:52:49,6.7533,-11.3686,82.38,79,9,9.89
429,Khorixas,NA,2021-11-20 19:52:49,-20.3667,14.9667,66.25,35,0,9.4
430,Alugan,PH,2021-11-20 19:52:50,12.2188,125.4808,80.29,82,82,3.87
431,Tulum,MX,2021-11-20 19:52:19,20.2167,-87.4667,77.05,71,90,5.17
432,Alice Springs,AU,2021-11-20 19:50:21,-23.7,133.8833,71.15,56,18,10.36
433,Vila Franca Do Campo,PT,2021-11-20 19:48:30,37.7167,-25.4333,66.61,72,97,17.07
434,Pimentel,PE,2021-11-20 19:52:51,-6.8367,-79.9342,73.69,60,0,19.57
435,Nome,US,2021-11-20 19:48:43,64.5011,-165.4064,-0.33,61,1,4.61
436,Poros,GR,2021-11-20 19:52:52,37.4994,23.4536,58.62,63,0,13.06
437,Ilyich,KZ,2021-11-20 19:52:52,40.8464,68.5067,37.51,42,1,7.18
438,Leh,IN,2021-11-20 19:52:53,34.1667,77.5833,16.9,55,0,2.68
439,Elverum,NO,2021-11-20 19:52:53,60.8819,11.5623,34.05,89,24,2.82
440,Kalabo,ZM,2021-11-20 19:52:54,-14.97,22.6814,72.46,74,82,10.4
441,Kungur,RU,2021-11-20 19:52:54,57.4368,56.9593,26.02,91,100,14.16
442,Dakar,SN,2021-11-20 19:52:55,14.6937,-17.4441,80.73,83,0,4.61
443,Cascais,PT,2021-11-20 19:52:55,38.6979,-9.4215,60.51,78,20,8.01
444,Makat,KZ,2021-11-20 19:52:56,47.6469,53.3463,36.68,59,100,19.01
445,Sandakan,MY,2021-11-20 19:52:57,5.8402,118.1179,76.68,100,20,0.0
446,Baruun-Urt,MN,2021-11-20 19:52:57,46.6806,113.2792,15.19,93,100,16.78
447,Lata,PT,2021-11-20 19:52:58,40.1629,-8.3327,59.81,86,95,4.76
448,Arlit,NE,2021-11-20 19:52:58,18.7369,7.3853,82.78,15,45,9.78
449,Kamenka,RU,2021-11-20 19:52:59,51.3223,42.7678,38.75,96,100,20.0
450,Bulgan,MN,2021-11-20 19:52:59,48.8125,103.5347,6.91,70,23,7.47
451,Chaumont,FR,2021-11-20 19:53:00,48.1167,5.1333,41.29,84,0,5.26
452,Antsohihy,MG,2021-11-20 19:53:00,-14.8796,47.9875,78.37,77,61,2.17
453,Yong Peng,MY,2021-11-20 19:53:01,2.0136,103.0659,75.13,96,66,2.28
454,Uga,NG,2021-11-20 19:53:01,5.9358,7.0793,78.22,74,77,5.99
455,Kasempa,ZM,2021-11-20 19:53:02,-13.4584,25.8338,63.54,95,79,5.88
456,Zhangye,CN,2021-11-20 19:53:02,38.9342,100.4517,22.98,63,100,6.58
457,Kedrovyy,RU,2021-11-20 19:53:03,56.1667,91.8167,10.81,93,100,7.9
458,Saint-Augustin,CA,2021-11-20 19:53:04,51.226,-58.6502,29.93,58,17,14.09
459,Pangai,TO,2021-11-20 19:53:04,-19.8,-174.35,79.81,81,0,9.66
460,Veraval,IN,2021-11-20 19:53:05,20.9,70.3667,80.65,62,75,11.72
461,Praia Da Vitoria,PT,2021-11-20 19:53:05,38.7333,-27.0667,66.76,82,40,22.68
462,Ipixuna,BR,2021-11-20 19:53:06,-1.7625,-48.8043,82.35,80,88,4.38
463,Natitingou,BJ,2021-11-20 19:53:06,10.3042,1.3796,81.25,18,0,4.29
464,Arkansas City,US,2021-11-20 19:50:00,37.062,-97.0384,60.62,50,1,5.75
465,Lahaina,US,2021-11-20 19:53:07,20.8783,-156.6825,82.96,79,5,2.71
466,Talaya,RU,2021-11-20 19:53:07,61.3833,152.75,-4.4,100,100,1.23
467,Carutapera,BR,2021-11-20 19:53:08,-1.195,-46.02,82.45,79,29,9.42
468,Lasem,ID,2021-11-20 19:53:08,-6.6922,111.4527,76.93,85,100,3.42
469,Tarakan,ID,2021-11-20 19:53:09,3.3,117.6333,78.3,94,75,6.91
470,Zhaozhou,CN,2021-11-20 19:53:09,45.6833,125.3167,14.59,95,100,4.47
471,Volot,RU,2021-11-20 19:53:10,57.9278,30.7025,37.33,76,96,13.2
472,Avera,US,2021-11-20 19:53:10,33.194,-82.5271,63.91,34,10,9.04
473,Nicoya,CR,2021-11-20 19:53:11,10.1483,-85.452,87.35,74,29,2.17
474,Santa Maria,BR,2021-11-20 19:53:12,-29.6842,-53.8069,83.5,23,0,9.22
475,Kirkland Lake,CA,2021-11-20 19:53:12,48.1446,-80.0377,35.89,80,100,11.68
476,Pitimbu,BR,2021-11-20 19:53:13,-7.4706,-34.8086,84.79,71,100,10.4
477,Saint George,US,2021-11-20 19:53:13,37.1041,-113.5841,64.63,27,1,1.01
478,Sobolevo,RU,2021-11-20 19:53:14,54.4299,31.8996,38.8,70,99,17.76
479,Zachary,US,2021-11-20 19:53:14,30.6485,-91.1565,76.75,55,5,4.0
480,La Ronge,CA,2021-11-20 19:53:15,55.1001,-105.2842,17.85,86,90,9.22
481,Inirida,CO,2021-11-20 19:53:15,3.8653,-67.9239,74.34,96,100,3.67
482,Barrhead,GB,2021-11-20 19:51:13,55.7992,-4.3929,44.13,85,7,1.99
483,Halifax,CA,2021-11-20 19:50:01,44.6453,-63.5724,41.05,56,6,5.99
484,Camacha,PT,2021-11-20 19:53:16,33.0833,-16.3333,61.56,67,20,2.3
485,Cabedelo,BR,2021-11-20 19:53:17,-6.9811,-34.8339,84.87,75,100,10.98
486,Mayumba,GA,2021-11-20 19:53:17,-3.432,10.6554,75.76,87,100,2.82
487,Qandala,SO,2021-11-20 19:53:18,11.472,49.8728,77.4,68,75,3.13
488,Mataya,PH,2021-11-20 19:53:18,7.4711,124.3719,72.88,94,100,3.2
489,Emba,KZ,2021-11-20 19:53:19,48.8264,58.1442,26.06,80,100,13.04
490,Palmer,US,2021-11-20 19:53:19,42.1584,-72.3287,47.07,38,75,3.0
491,Glendive,US,2021-11-20 19:53:20,47.1053,-104.7125,46.96,47,1,13.8
492,Osypenko,UA,2021-11-20 19:53:20,46.9136,36.8253,46.83,70,100,17.16
493,Yunyang,CN,2021-11-20 19:53:21,33.4474,112.7142,50.4,88,64,4.29
494,Thinadhoo,MV,2021-11-20 19:50:16,0.5333,72.9333,80.85,81,100,16.91
495,Samarai,PG,2021-11-20 19:53:21,-10.6167,150.6667,80.82,81,38,11.52
496,Bonavista,CA,2021-11-20 19:53:22,48.6499,-53.1147,39.11,73,10,8.21
497,High Level,CA,2021-11-20 19:53:23,58.5169,-117.136,3.31,78,20,0.0
498,Uruzgan,AF,2021-11-20 19:53:23,32.8333,66.0,39.72,42,0,0.65
499,Kavaratti,IN,2021-11-20 19:53:24,10.5669,72.642,80.76,77,83,14.74
500,Ahipara,NZ,2021-11-20 19:53:24,-35.1667,173.1667,65.88,79,23,6.98
501,Ariquemes,BR,2021-11-20 19:53:25,-9.9133,-63.0408,83.43,72,41,3.2
502,Itarema,BR,2021-11-20 19:53:25,-2.9248,-39.9167,83.14,70,85,17.22
503,Humaita,BR,2021-11-20 19:53:25,-7.5061,-63.0208,89.17,53,43,1.59
504,Biak,ID,2021-11-20 19:53:26,-0.9131,122.8766,76.44,86,90,1.1
505,Phan Thiet,VN,2021-11-20 19:53:26,10.9333,108.1,75.43,90,86,4.79
506,Leshukonskoye,RU,2021-11-20 19:53:27,64.8989,45.7622,26.87,97,100,5.48
507,Kytmanovo,RU,2021-11-20 19:53:27,53.4593,85.4479,6.69,88,96,4.23
508,Mareeba,AU,2021-11-20 19:48:46,-17.0,145.4333,66.92,94,5,2.24
509,Tarrega,ES,2021-11-20 19:53:28,41.647,1.1396,52.83,68,100,1.43
510,Sabang,ID,2021-11-20 19:53:29,5.8933,95.3214,81.43,79,77,17.58
511,Lasa,IT,2021-11-20 19:53:29,46.6166,10.7002,45.48,53,16,1.59
512,Tuy Hoa,VN,2021-11-20 19:48:54,13.0833,109.3,74.44,88,46,3.49
513,Malaba,KE,2021-11-20 19:53:30,0.6346,34.2756,67.68,75,100,7.67
514,Rize,TR,2021-11-20 19:53:30,40.9044,40.8949,32.04,94,100,2.26
515,Sa Kaeo,TH,2021-11-20 19:53:31,13.75,102.3333,75.25,91,100,0.98
516,Mujiayingzi,CN,2021-11-20 19:53:31,42.1167,118.7833,24.84,87,90,1.57
517,Ambagarh Chauki,IN,2021-11-20 19:53:32,20.7833,80.7167,73.15,84,77,6.31
518,Sale,MA,2021-11-20 19:53:32,34.0389,-6.8166,62.74,94,75,4.61
519,Shelburne,CA,2021-11-20 19:53:33,44.0787,-80.2041,38.75,75,100,11.41
520,Sinnamary,GF,2021-11-20 19:53:33,5.3833,-52.95,82.78,75,21,10.8
521,Bristol,US,2021-11-20 19:51:56,41.8334,-71.1662,46.96,43,1,1.01
522,Surt,LY,2021-11-20 19:53:34,31.2089,16.5887,66.83,68,15,7.25
523,Batagay-Alyta,RU,2021-11-20 19:53:34,67.8006,130.4114,-22.34,97,81,4.41
524,Port Shepstone,ZA,2021-11-20 19:53:35,-30.7414,30.455,65.71,85,100,8.08
525,Mirnyy,RU,2021-11-20 19:53:35,62.5353,113.9611,-18.94,100,81,0.63
526,Eyl,SO,2021-11-20 19:53:36,7.9803,49.8164,76.87,69,6,12.46
527,Isugod,PH,2021-11-20 19:53:36,9.3408,118.1196,78.24,87,74,0.72
528,Nosy Varika,MG,2021-11-20 19:53:37,-20.5833,48.5333,75.34,82,0,9.64
529,Synya,RU,2021-11-20 19:53:37,65.3718,58.0387,21.69,92,100,8.12
530,Conceicao Do Araguaia,BR,2021-11-20 19:53:38,-8.2578,-49.2647,87.57,66,11,2.1
531,Brokopondo,SR,2021-11-20 19:53:38,4.75,-55.1667,87.1,58,25,0.92
532,Sorland,NO,2021-11-20 19:53:38,67.667,12.6934,36.72,61,100,30.62
533,Bukachacha,RU,2021-11-20 19:53:39,52.9833,116.9167,9.54,98,97,1.95
534,Pacific Grove,US,2021-11-20 19:53:39,36.6177,-121.9166,69.62,72,40,4.0
535,Karakol,KG,2021-11-20 19:53:40,42.4907,78.3936,20.48,52,0,6.02
536,Urucui,BR,2021-11-20 19:53:40,-7.2294,-44.5561,95.49,37,95,0.85
537,Maldonado,UY,2021-11-20 19:51:54,-34.6667,-54.9167,74.23,43,0,8.43
538,Tombouctou,ML,2021-11-20 19:53:41,20.0,-3.0,79.32,26,10,11.97
539,Tobol,KZ,2021-11-20 19:53:42,52.6844,62.5794,21.06,83,100,15.84
540,Isla Mujeres,MX,2021-11-20 19:53:42,21.2311,-86.731,80.17,81,100,7.83
541,Palana,RU,2021-11-20 19:53:43,59.1167,159.9667,25.32,67,100,20.31
542,Gadsden,US,2021-11-20 19:51:37,34.0143,-86.0066,64.02,32,1,8.05
